drop schema servimap;
create schema servimap;
use servimap;

-- CATEGORIA
CREATE TABLE `category` (
  `id_category` bigint(20) NOT NULL,
  `name` varchar(35) NOT NULL
) ENGINE=InnoDB DEFAULT CHARSET=latin1;

INSERT INTO `category` (`id_category`, `name`) VALUES
(1, 'Hogar'),
(2, 'Educación'),
(3, 'Salud'),
(4, 'Estética'),
(5, 'Entretenimiento'),
(6, 'Profesional'),
(7, 'Técnico'),
(8, 'Automotriz'),
(9, 'Otros');

-- DISTRITO
CREATE TABLE `district` (
  `id_district` bigint(20) NOT NULL,
  `name` varchar(35) NOT NULL
) ENGINE=InnoDB DEFAULT CHARSET=latin1;

INSERT INTO `district` (`id_district`, `name`) VALUES
(1, '20 de Junio'),
(2, 'Aldo Bonzi'),
(3, 'Ciudad Evita'),
(4, 'González Catán'),
(5, 'Gregorio de Laferrere'),
(6, 'Isidro Casanova'),
(7, 'La Tablada'),
(8, 'Lomas del Mirador'),
(9, 'Rafael Castillo'),
(10, 'Ramos Mejía'),
(11, 'San Justo'),
(12, 'Tapiales'),
(13, 'Villa Luzuriaga'),
(14, 'Villa Madero'),
(15, 'Virrey del Pino');

-- ADDRESS
CREATE TABLE `address` (
  `id_address` bigint(20) NOT NULL,
  `street` varchar(35) NOT NULL,
  `number` int(11) NOT NULL,
  `id_district` bigint(20) NOT NULL
) ENGINE=InnoDB DEFAULT CHARSET=latin1;

INSERT INTO `address` (`id_address`, `street`, `number`, `id_district`) VALUES
(1, 'Urien', 1310, 1),
(2, 'Los Patos', 1730, 1),
(3, 'Pilcomayo', 790, 2),
(4, 'Migueletes', 1315, 2),
(5, 'El Curro', 25, 3),
(6, 'El Chaja', 40, 3);

-- USER
CREATE TABLE `user` (
  `id_user` bigint(20) NOT NULL,
  `name` varchar(35) NOT NULL,
  `surname` varchar(35) NOT NULL,
  `password` varchar(60) NOT NULL,
  `email` varchar(50) NOT NULL,
  `phone` varchar(35) NOT NULL,
  `premium` tinyint(1) NOT NULL DEFAULT '0',
  `type` varchar(35) NOT NULL,
  `photo` longblob,
  `id_address` bigint(20) DEFAULT NULL,
  `creation_date` datetime NOT NULL DEFAULT CURRENT_TIMESTAMP,
  `update_date` datetime DEFAULT NULL,
  `deleted_date` datetime DEFAULT NULL,
  `version` int(11) NOT NULL
) ENGINE=InnoDB DEFAULT CHARSET=latin1;

SET @password = '$2a$10$bgtHIUWCkAL2dWNpCGbOyuAYpOlit2pocm4NdXA6XRgY7GJBaRRVS'; -- qweqwe123
SET @imagen_proveedor=0x89504e470d0a1a0a0000000d49484452000000c8000000c80806000000ad58ae9e0000000473424954080808087c086488000000097048597300000b1300000b1301009a9c1800000e9b49444154789ced9d79b0d65519c73f57b8f7c26551444011774bcc0d031594d1710963dc27b24c2433d74c0d1b73c9ca3135d3749c7299a21c1a6b4a271b26ac4c451297515c5033517143143744b888c065b13f9e7be3727979ef6f7fcef27c66be73afcbfbdeef79def3bce7f73be7fc9e038661188661188661188661188661188661188661188661aca741db4044f406f6024600c3819d8161c0206000d00b6804d600ab8025c0226021f03a300f78b65d4b2bf66e1885d303180d5c053c02b4019f15a075c01ce026601cd05c55830ca30846229df75d8a4988eed40a4c058e00362bbf7986919e46e0146036d524c5a6340f980cf42bb7b986918c26e03bc07c7413a3ab16035700fd4b6bb961d4a1019800bc8a7e32d4d387c07940cf72c260181bb32b701ffa9d3f8d9e03c694110cc3e8a001f82eb01cfd0e9f456b81eb90e964c3289481c074f43b79117a0619050da31046e0de4d785eb50247151924234e8ec5df4baaeeb40eb8b0b85019b1f16de4ba5dbb2397ad5f600b8c464ace45bfe356a95bb12431127226fa1d564337639b578d6e98805c9b6b77562dfd387f088d5019836c33d7eea4da9a94379046786c07bc877ee77441abb05577a3138dc0a3e8774c97b400591c350cae41bf43baa8e9d84d7bf48c268eb58eac3a2d7b680ddf6906e6a2df095d562b30346b804320e6c5a18b90e209c6a6e907dca06dc2a89e61c00af4bfa17dd1c1d9c26cf8caede8773a9ff40476c31e0dbb11f76a79561d9725d8867f4c45bfb3f9a8a7b0512478b60556a3dfd97cd5e1e943ee37b1cd629d8355f8c8c379da06aa26a621b311d9423144db88c77c066c0fbcad6da42a621a418ec492232f0dc0446d135512538244f5c196c829da06aa24964bacde4895c13eda46026177e0256d135510cb087218961c4572bcb681aa882541c6691b088c23b40d54452c97582f007b689b088855c016c04a6d236513c308b205961c45d30cecab6da20a624890fdb40d044a14cfadc790207b6b1b089428e21a4382eca96d2050a2886b0c09f2796d0381f2396d03551043826caf6d2050fa23132041137a82f420f2a20325b39db681b2093d413627fc366a127c71b9d03bcf96da060227f8f8869e20766065b9041fdfd013a449db40e0346b1b289bd013c43072117a82b4691b089c55da06ca26f404097eb7a932c1c737f40459ac6d20703ed2365036a127c812a48aa2510e96209eb30e58a86d2260822fff137a8200ccd7361028adc8081d343124c83c6d0381f28ab6812a8821415ed0361028ffd53650053124c873da0602258ab8c690204f2235658d62795cdb4015c490204b89e472a042560173b44d54410c09023043db40603c4c04abe8104f82dca76d2030eed7365015b15456ec8514afeeab6d241076c3a679836225708fb689407881489203e24910803f681b0884a8e218cb2516c8d9840b80adb58d78cc3aa48cd23bda46aa22a611640d3045db84e7fc8d889223468662c740e7d1a1e9436ef8c6ede877341ff504715d9247cbaec05af43b9c6f3a3a4bb00d3f99827e87f3498f61a347540c0596a3dff17cd141d9c26cf8cc25e8773c1f7447d6001b7ed384ecf2d5ee802e6b09b66e1435fb23eb23da1dd1554dca1e5a2314ae44bf23baa8bf6237e606b2056516fa1dd225bd090cc8115323308622f5b3b43ba60b5a891d9d6dd4607f6005fa1d545b27e70da4112ec713f72afbe5f9436884cee9e877540dfd12bb2937127236fa1db64add8c258791925389638de46758721819391af804fd4e5c86d602e717172a2356f602de40bf4317a925c0914506c9889b01c034f43b76117a12d8b9d8f018865ca79f8dbf975c6b81ab89e0e86643979d80bfa3dfe1d3e8696c75dca89006e038e065f43b7f3dbd8f8c7a3dca098361d4a7113813f76ee23f4256c5add4aae1043d816f20cf6e6b26c64bc8d4ad2586e12cfb00d72305d6aa488a2548118a43b005bfc2b18096c766c01791c5c6438103286606691d7278cd43c864c1c348313ca3042c41aaa317b0073002393e6017603b6010b025923c4dc8f69655c0c7c022e43995d7908aeacf02cf03cb2af66e1886b13136fd978e61c031c004646da14dd74e6236072e439e9c5c8c8d404641b42009710b1baf79cc0576d7b396983d90cbb3aeb35db7206d6bd1b366f8c8106471ed1f74ff08ee32e02b3a36137122dd6f8d5901dc0b9c0b6ca363d3709dad910e32936c8fdcfe1cb72e577b023790be1d6b9159b10b806d2b776d38456fe024e4dbb38807a366203352da0c46123d6f7bd6020f220f8ed9c263448c4116d69652fca2dd5be86e0a3c0078bb86afbc5a8e9c4d7858754d31aaa40529c63087e23b4f57ad04cea8a6591b7036b27e5276fbe622db5936afa6594699ec02dc882cba95dd71ba6a0ad53c7bd10b9d53b33e017e0dec597e138da2d907b813fd1a57b3915361cb6207e029e5367e869c417f6089ed340a622c323dabdd613aeb43e0f012dafa25642b8a76fb3aeb21e0cb25b4d5c8c9c1b85d807a0d7071416d6d002e457f74aca76780a30a6aaf91832f00d3d1ef10497537d02f477bfb21c71268b723a96622358f8d8a198adc04fb58d86d2e303c439b7747b68868fbcfa2bb90d3858d926906aec0ff03385b49b7456502b2ad45db771eb50137916f0435ea70181b6fbaf35ddd6d51e9015ce780cf22f53670429d361b2919084c45ff832d4b0f005bd568f72064fb8ab6bfb2340d797cc0c8c124649a54fbc32c5b5db7a8ecd7feefb47d95ad5664557e338c540cc0afd99a22d4b145e58cf6dfb5fd54a907b0e3a6133306394452fb43d3d0ebc0ab0ef8d0d0fbc0381cc3a5a1ad01b80459f0db41d98b1633807f699b506230f2e8c1b5c8f32c46273a82a3fd2da6ad9380631df0a1ad4729770f9b570c27de4baaae1a82ac13b439e0455bef2275c5a2662c526543fbc37041ffe914977f3be0c7052d4379f3a3e63dc80464f66280a2079778b0d3eff7aab9708bbec85ebbd3b48d54cd64a484a6f637944b3ab6537cf675c08f6bba8248b816fd60bba6356cf8086b0332eda9edcb35dd4ae05c8a7e905dd4133562758703be5cd4353562150467a11f5c5755eb433fd9015faeeafb35e2e53527e2f61370daaaf548ee20ec3ead9ebe5523665e328e6acad1f8aa954865925a3ced803f57b5860ab6cd973dcd3b02d974d854f2dff199c79024a945acdb4e92d003f81330bacc3f526682f4454aeff429f16f84c08c3affcdd643ead38c24899745eca6a23f0cfba0317562d8883c33a1edd175dd5927864e3211fda0f9a056badfb93acd019f3ee8f46ee2e80cbbe27f8181aa343d413ccf71c0a70f5a4e09071a157d0fd204fc192b979f9407bbff5fec3e24212d48dfdbd48c60268a4e90c9c0c882df3364eadda077f00630af6c2381b03770a1b6894d311039d45e7ba8f5451f90fc18ee5f39e0d7172da57695984c1439825c8ea7d36d4acc443ed024d87a4872fa033fd236d1959db0d5f2b43a33457cfb587c53a90d391b2637458d205763abe5694972ffd1c172e091b28c044823d2279d6024b6a92eaddecc10e71f38e0db27ada380f3228b18412e27f9cda6212499deed8add87a4a301b8ac8837c9c356c042644833923311f86386d72d04b629d0c78bc08a02dfaf162d94b0809790d5c851198b94fe3ee7a33f94faa8ac9d7c6ac13e4664f4918651057b4eabf3f298cf7b89f5cd9caf8f91b948cda72cd865567a26e579719e04d9132bec95852cf71f1ddc8fdc7c1ac919851cd597893c0962a34736d24cef766511f294a1918ecca348d604e981141530d2b10ea99a9807bbcc4acf4432f6f5ac09328262675362610ef071cef7b00449cfb6c82d416ab29699cfbd001329792eaf3a781cd99057c4beb70994fc4c37ee5469df0f78beaa3ff65bf4a74a7d545107c4dced405b7cd36d59029df5126b54c6d7c54c1bc5eda7b2cbacf464eab35956d27b93ec596a634366018714f45e3b906d3f57ccb4b1feec95c46419414660c9918522ee3f3a980fbc5ce0fbc54013f2c4612ab22488dda06723cf02612dec322b3da9fb6e9604d92bc36b626739b52bb8e7a1c811291652f7dd2c09d22fc36b62a7e3fab7484e2af8fd6220f5679025413ecdf09ad819801c1c5414e381af17f87eb190baef6649903733bcc690ca7ff5ca8c26a50f19e7f48df47d374b82cccef01a43a6d46f43f6b1e5e1a7c834af919e4afa6e2f64ab83f6caa8af9a9c3ee4ff6714722e86761b7cd462321416c93282ac046ecff03a43b8121896e1753d8129e41f8162e577a45c24ccc310ac8a621efd257dc8adaa490e2da6c06a8b4939a500e3316b7c8a58ef8cccc0687bf6555f4b11eb42b93aa141d3c67a0dd9d79684fb1df0ebab7e9230c6a5711176e39855572588ef24077cfaa8d5c0f712c4b7124623d53ab483e29b5601c3ebc4752be043077cfaa69780fdebc455855ec8259715594ea77a9b18ef70c09f4f5a0d5c4ff24b571586231fba76b07c52ad0218e31cf0e59366534d21bcc238013919493b703ee83d608b4eb16b015e77c0970f5a089c8aa7f5a19b800b900ea01d48d7756ba7b85def801fd7b50c59740de23ccc16e062a4f09976605dd55ae4819e7db159c17a5a01dc080c2240fa22872c2e403fd02eea69e029077cb8a85664641d4a043422d78dcfa31f7893db7a17f8211bdea345c5c1c05dc8149df6876172478f200f85d9d933ed0c45be295e41ffc331e968313259e1d574ad060702bfc1760cc7a035c03dc05781668c543403c700bfc7922524ad4636609e050cc6617c5a5c69028e401620c72315bb0d7ff81498094c6b97dab98169f02941bab2379228e38183b06a8f2ef232f0cf76cd429e46f50a9f13a433fd80b1c88cd821c8b3db36fb513daf2289300b392868beaa9b02082541bad28294d8198bac4e8f421e13368a6305f02cb2b0f9289214590f2775965013a416c3904419058c444e1cca523c2146962267aa3fc3fad5fe1791ed3141135382d4a23f72026a67ed869c8a14e33dcdfbc83ad48bed9adbfef31d4d539ac49e209ba207324bb623b053fbcf1d91826d43dab5257ec5af15f8004982054895c1ce7a0bb96c323ae1d307ec1a3d911da51d09331818884c18f4dfc4cf3ec8e441cf3a3f4116cf56b7ffacf5fb7264bb77875abbfcf362d627c307edf26e06c9300cc3300cc3300cc3300cc3300cc3300cc3300cc3300cd7f81f6a63ea1c78765fce0000000049454e44ae426082;
SET @imagen_consumidor=0x89504e470d0a1a0a0000000d49484452000001000000010008060000005c72a86600001a7a49444154785eed5deb6b57c7badeff8c51d112bc84c48a9a623520156925d452aa485224068e12f6b1e0a9856a4823fb7cd9b642518e28a6b2b748ad21b6a2ad3417b57e68cbd9209564b751d436b4ba77c426928b99e3f3f32cbbb2b22eb3d69a759999e70569ba7eb366cd3ceffb3ef3cefd4f8242048880b508fcc9da9ab3e2448008081240098ce0c993272528855c11742aab5c8dec4e4502b05bffacbde5089000420c20a8b5739ea7fdddf9b43b1ffcedcdd779e6972e286d50de78ee979ffbb9f75d7799c2ca2a9bafdfb7dc6a488a81df7b96fb7764f54900252200af73398ee2750eef733f4252f5cc8f60b2f87e1461c962e08759a417589c800410a1fc2007f033d830870d4aef7ec72fa288eb8061d142949379df0d2b8f3bad2cd9b8bf1f162d785512070312403c36230148124050d8ef7d1e65ac514ee5177ecbb67e510492c451839c51f5b7a2c8491603120009201e0212a9839c3fca59c37ef70bf71de30dead787bde3d7ba8685ea32fd6c19270f1b1ff096c9ebc461efa6c54042ad4cf214014600169a819f635b0803ab4c02b0d306480076eaddafd68c00680b44c062044800162b9f5527022400da0011b018011280c5ca67d5890009803640042c4680046098f231c27ffbf66d71f9f26571fcf871d1dede2e5a5b5bc5962d5b4443438358b16285a8aeae160b162c10555555957ff81bcff01bd2202ddec1bbc80379214fce1e18662c9c06d45fa1232323a2a7a7471c3870403436368a175e7841cc9b372f937fc81bdfc0b7f04d7c9ba237028c0034d3dfc4c484e8ebeb13fbf7ef17ebd6adcbc4d1e31008ca80b2a04c281b452f0448001ae86b6a6ab21286b7b5b589254b9614eef4410481b2a18c282bca4c293f02248012ebe8d6ad5ba2b3b353d4d5d595d6e983c8006546d951074a79112001945037030303a2a9a9493ba70f2203d40575a2940f0112404974323333232e5dba28366dda648ce37b090175431d51574a3910200194400ffdfdfd463bbe1f11a0ce94e211200114a883a1a121d1d46c4ea81f67f6006951776040290e01124001d88f8f8f8b83070f5616e0c4751ad3d2030360014c28f9234002c819f3ab57af88fafa7aeb1ddf4b64c004d850f24580049013de8f1f3fae2c9831ad05575d1f6004ac28f9204002c801e7c1c141b161c3063abfe412656005cc28d9234002c818e373e7ce65ba3e5f750b5c96fcb0efa0bbbb3b63ed307b12404636303d3d2d3a3a3ad8ea4bb6fa41c4030c8125251b04480019e03a36f6bb686e6ea6f3a7747e8714802530a5a8478004a018d3fbf7ef8b5737bf4ae757e4fc0e090053604b518b000940219ef7eedd2bc516ddb2f4e35597035b8f8131451d0224004558deb97347ac59b3862dbfe296df4b22c0185853d42040025080235a253a7f36a710f94511c09a918002c37d9a050920258ee89796e1641ed5e176d9f303e61c134869bc2480740062649a037ef9b5fc5e5202f69c1d4867c38c0012e287b9694ef515e7fcee2942ae134868c48c009203c7453ec53bbf4302d0052519028c0012e086e5bd65ef23db563ee884121f0112404cccb04925cbb3f76d735c55f5854eb88128a631b30b100f306c53e5aebef284fe5ef2806eb895389e4d3302888117f7f397d7f91d32808e28f208900024b1baf6cd35f6fb335ee5a7aa3b005d51e410200148e0343e3ec663bc34717e90088e1783ce28d1089000a231aa1c5aa9aa75623ef97423a0334a34022480088c706c354fefcdc76955922374c623c74900d10844a4d8be7d3b5b7f8dc27f37894077947004180184e083db6b54b64acc2bff488237109100123502b8bfcee47bfa6c2123e890771106bb002380006c7089a52d4e627a3da14b8a3f02248000cbe036dffcc3f5ac8808baa49000a46d0077d967658cccb71862814e2973116004e063154d4df6ded86b2a4141a7141240a40d0c0f0fb3f5d774da2f8abca05bca6c041801782ca2b3b3930460280140b7141240a00d4c4d4d8ababa3a1280a10400dd42c7943f106004e0b286cb972fd3f90d757ea77b001d534800be36d0d6d64602309c00a0630a09608e0d4c4c4c88eaea6a1280e104001d43d7946708b00bf0ff96d0dbdb4be737dcf99d6e00744d2101ccb2011ef755cc029da8a9bb2c7ee7b161ec02cc690078bd973d04005d5318013cb78191911186ff9684ff4e44019d53380650b181eeee6e12806504d0d3d343ffe720e0331b60ffdf9ef09fc787cfe63dce023cc5a3b1b1911180651100744e6117403c79f284577d59e6fc8802709518746fbb581f01dcbe7d9badbf8504001280ee6d17eb0980ebffedebff735f00d7013c47e0f8f1e38c002c8d00a07b5b04dd1dbf2e8ff511407b7b3b09c0520280ee4d9720c777ea6d3d01b4b6b692002c2500e8de649119e4f425008735a2d8c304f0b66cd94202b09400a07bd3258a04e61040d40ba601d6d0d04002b09400a07b9345c697ad2780152b5690002c2500e8de74898ae2adef02f010107ba701a17b5b447a1640266c3009345efd6d2f0140f7b68bf55d80aaaa2a76012ced0240f7b648ac08c0a659001280bd11800d0490680cc01656443dd905b097004cef02c874e72307014d27030e02da4b00360c02469140e418405406ba1304a701ed2500d3a701657cd77a02e042207b09c0f48540689c638f017859438645748e02b814d85e02b06129b0e39bd2b3006ed630ddf951576e06b297004cdf0c24d3305bbf1b90db81ed25001bb603278e009c48408645744ec30341ec25001b0e04e11840043bf148307b09c0f4abc265baf0d6cf02f050507b09c0864341a348c0fa85403c16dc4e02b0e158f028e747706cfd202040e0c520f691802d1783c41e03f07699655844e74140949d5783d94700b65d111e6b1d80ee0e1db7fcbc1cd43e02b0e1725099c63b740cc096a9405e0f6e1f01f07af067cd64e02c80c31e322c12b7c52d63fa75ebd6f160104b0e0681ae2924805936c071007ba2005bfaffde837dfc1a75eba7011d16e8eded6504604904005d530222005b81999898103c1cc4fc28003a86ae6d117714e057e7c008c096014037286d6d6d8c020c8f02a0635b44666bbff54b81ddc6c07d01e64700a6afff77db33092026d54f4d4d8ababa3a4601864601d02d746c9344cde67110d0630d9d9d9d2400430900baa5cc46807b013c16313c3c4c02309400a05bdb24f12060d48b2603d9d4d44412308c04a053db44c918806da0a1be0303032400c308003ab54d48002934feeae65749028690007469a3242600ef12421bc1bb74e92209c01002802e6d95a8ae3c0701032c636666466cdab48924a039094087d025c51f016e070eb18cfefe7e1280e604001dda2a419b81dc78703b7084756cdfbe9d24a029094077943f10f0dbda4f0288b090a1a1215e21ae2101e0ea6fe88e129300903c6ae0c036500f1e3cc82840331280ce6c1799c17c0e024a58c9f8f898a8afaf2709684202d01574468946e03901b8370dc8304774d666a5b8f6cd3512802604005d519e211015cd33028861293c36acfcdb856d39ee4bc66cbd3b01630d02ca7cc0b6348f1f3f161b366c602450d24800ba818e287fb4fe4e14e0feaf1b9fc8034108e66c0406070705ae959a575227902cd7ccd374de7f5ad7093a816e287347fdc36e070a3d128c60fa2370eedc399d9d058eef57fea0e75ad4153aa1c447c03702e0206034901d1d1d5a38868fb33b8eee8e0050176d0900baa0cc45c0ddf2f36a30c516323d3d2d9a9b9b7524013701b8cbaf25014007d005251881b0cb7db8172085e58c8dfd2e34dc366c4c0400eca1034a3802b1084066ea8080ff81c0fdfbf78566d78a19310600cc813d25bce5f7aeeff1a6e65e00051674efde3db166cd1a9dba035acf02006b604e498f004f054e8f6125873b77eee846023a11d6f3b2c2f9813525bae54fb41d98c0264700ad5209ba037e837c61fd7ebfd900e799333be04d530879005bb6fcf2f699e84830641fb57e58be08f6a544bfb4e08141afb3bba7f8bcfd7ff7ff7b892368b6a010e707a6ecf3c7f3a7440420f352bc62d8971a23d3054e11fab5f632537f7ec4518a08005872b43f991f4535e6914b81c3a6109215c98eb730375dd06221bf963c2e01042d0cca7dad0030e43c7f763e23b512306c2d7176453323672c51cd79ef808a31006fb721f7310060d6dddd6d861114588bd81140816535f6d3d8a4c25d84f25b89811537f6a4770799353d8111807b30307d519803b6a916709e409c1d7f610384b90dfc01236ee955e32f8908c0f934fbfe6a94e0cde5ead52b791e2f16a7cf5e2801e0182f6043518740d42a407c29f0442012803a4578731a1f1f1738b41227d74aeedf4f9a2e684ad02f32885a0f90b40ca1ef010360014c28f923c02e40fe983fff228ead6e6acef426e238f3fcb9af0340dd7974777606c89580d961ab3467dc5e93d13564412dbddfe220bf082093730250579b6fec516a3c92990545f4dc0e2c0960d6c9707f1d2eb1cc88083209dfe3765f5037d49177f5656d4dfef9c73a14d43b82584c91edfc2aeeb26f6acab46b902b21a02ea813a558044800c5e21ffbebb76edd129d9d9da2aeae2e57878ddbb2fba547995176d481525e04b81d3807dd4c4f4fa5facad4d4a4b87cf9b2686b6b134b962c292d19a06c2823ca8a32a791b498a5f9b629ef060d02ba23015e0c92b1b62f5ebc5869c1fff2df7f51725dd5c4c484e8ebebab2c2a2ac1d6e34a1950169409654b2bb8d20b5801336047c91681c80880eb01922900cef0fefbefcf6aad57ae5c5959dfae72106c646444f4f4f48803070e88c6c6c64cf71d607d3ebe816fe19bf8b62a0126c00618b9bb14c05005b1a82aa76ef9c4de0b40874fafe2e1e19fc4c68d1b0343f5d75e7b4d64757f1df477fbf6ed4a187efcf871d1dede2e5a5b5bc5962d5b4443438358b16285a8aeaeae2c42aaaaaaaafcc3df7886df900669f10ede451ec80b7966651bc00298048d3d004b604a898740a2a5c05929395ed1f54dfdd9679f559c496620edadb7de12d7af5fd7b7b2294b8eba030319ac8029b0a5c823909800bc8307f29fb437250eacd8b3678f94317b0d1e2dee975f7e99590b5b26adc0b62e5dba245e7ffdf5445801631e0e22a7d1547b01e43ec15440e0c68d1b4a06e4d6ae5d2b8e1d3b264647ff6d1cb0a813ea863acab4f8616930f008cc29e911881c044cff097373c0c0d5c99327c5c2850b531bb5dbe0172d5a2476efde2d7a7b7b9f9e86936e0ab148f45176cc0ea02ea8535ac777bf0fcc81bdca01d522b1cae2db89f602f04c4039558c8e8e8a9d3b772a356a3f07a9adad15efbdf75e6525dde464fa6936b9da254f8532a2ac2833caaed2e9fdf26a6969791a318d262fb0456fc65a09e8e0c241c1b916f2fdf7df8bfa97ea33376eafc163a10d46e74f9d3af574547cb834a68bb2a04c289bec00a84a62802ebefbeebbd2e051d6829000526a06e1e6b163ff93c73e7e2972c1b41da29023478e882b57aee4726c368ee6c6b7f04d7c1b6550e9cc49f3c254e6d1a347d92570d9b8cc603ec7002449e1e1c38702e1665203cdeb3d84dd9855c068f9a10f0f89d3a74f8bafbffe5afce31fff5b59970f07c66a3bf4cf4168f887bff10cbf210dd2e21dbc8b3c9017f2cc23a44f8bd38e1d3b0474459143804b812570c288f34b2fbd547ae74feb3ca6bc0f5d7196e09961c75e09e8bce4feaf848f189b048b4f723ed69b44334ffe04e120d25abc78b1387bf6acb17629533199017d5e0c128024c262ac7937a555b4b51ed8a8a4f354aa8ca307a5210124440fd34adbb66da3f32b6889cb403c5bb76e357271958c79471decc341400f8ad8f452866db665701c93ca009d9669ea54c679f348c3414017ca984baea9a961cb6f48cbef25b0e5cb978b6fbffd360fbf2acd37a40701bd1b07a25e2c4d0d1515045b5e39d8977ef0adec51030607b119c90649b41bd00660bc75c44114f3e7cf67cb6f68cbef2525e8da8619021280049b9d397386ce6f89e3bb890007a19c3efd77090bd1378992edc026ef05402b0043287bd8caf265d33581eed100d82ca15783990ccc850b17d8f25bd8f2fb7507ce9f3f6fa4a9cb34dea19783ca64a02372388a4af51e7eb6d2d9b4d279e00a5bc8ea8cc6b2fb47e434a0692480b9e065cb9631ec67eb3fcb06962e5d2a7efcf19f65f7d7d8e58b9acd0b2500d39cffd1a34762fdfaf5747e3abfaf0dbcfcf2cb46ed244cb414d84b312691000eacc823a4e437f4ed0eb4ec6c31e64c815404e0840eb1638e92bed0d5d545e767cb2f6503b80bc11489bd17c034c787227ffae947aef2a3f34b393fa2371c603a3434640a0784d6237210507714406849cfa06728af6f289f56779b376f7eba8d785a77f38f7f20886911000eab4c6b0c7cdf4e22e8ea3aa93501583f06807dfdd8014607b6d381d3ea7d79cd72f1af7f3dd09604521180536b9d67013a3a3ae8fcecfba7b2019c28a4aba426009d9dff975f7e517e1b4dda1685efeb17896095e0ddbb7775e580f86300a6ac03c0bdf27438fd1cae8c3adbb76f9fb60410557023f7023c78f040e0e087321a13cba41f29615af0b7df7e8bf2a5d2fdeebd18c42fa2377237e0e1c387e9fcecfb2bb58143870e95cec1e316488a00e2665ab6f498bb5db56a9552e5b3d5d6afd556adb3175f7c51fbe3c5a50840f77500bdbd5fd3f9d9fa6762035f7df555d9dabbd0f278bb007e898d1b03c05df4aad99ff93102800decdaf51f5a1180cc807ee452609da60271c1254ff6a5b36645d818581e1bfb5d5b1290ea02b86ba793f3a3dc38e62b2be5335f120b6ce0f3cf3fd78600527501745c09886bace9a874d42c6de0cffff9676d0840a6a0c68c01e09efbbaba3a1200070033b581dadadacaea3a53c4987500376fdecc54f159b62acc5bafa8e5c68d1ba6f8bf881c04d4a5a6274e9c2001b0f5cfc5064c3a31c81802d8b57b572eca676bad576b9d85be70b6a429620c01ac5ebd9a04c00820171b58b972a529fe6f4617e0fefdfbb9283e8bd68479ea1951fcfaebaf4690801111405f5f1f0980ad7fae36d0dbdb4b02280b02478f1ecd55f96cb5f56cb555eaedc891236531ff54e530220278e79d7748008c0072b5012c3a33418c20001efbcd165965eb2e93576363a309fe6fc620205667c9288d694814aa6ca0a6a68604500604b03b4b9552990f09228e0de8bc33d0f15dedbb00b8c2298ed298964eaeca06060707cbd006a62a83f604d0dfdf4f02e00060213680e967dd457b023873e64c21ca57d58a301f7d2312d89eeea23d017cfcf1c72400460085d8006c4f77d19e003ef8e0834294cf965bdf965b95ee70f59ceea23d01f014203aa22a878e9b8f098b81b427801d3b7630026017a0101b80ede92eda13c01b6fbc5188f2e3b6164c6f5ea402dbd35db427808d1b3792001801146203b03ddd457b0258b76e5d21ca678b6e5e8b1e57a7b03ddd457b02c0e92c7115c7f4745e153660c2c940da13003665a85026f32029c4b501133604694f00d5d5d524008e01146203b03ddd457b0258b4685121ca8fdb5a30bd7911066c4f77d19e00e6cf9f4f02600450880dc0f67417ed09a0aaaaaa10e5b34537af458fab53d89eeea23d01c4551ad3d37155da0009a06004162e5cc808805d80426c00b6a7bb681f01ac59b3a610e5ab6c4598979e51497d7dbdeefeafffa1a02d3b5b48008c000ab1819696161240d10874759d2c44f96cb5f56cb555eaadababab68f34ffd7dedbb00b81790e3007446958e2d93176ceec18307a91db0e80cb4270000f8eebbef320a603720571bd8b76f5fd1beabe4fb4610006e6ae592604601322db78a344b962c11bc1d5809ffa8cb84a70393005438b74c1e67cf9e5567b805e7644404e060b8f7bff6e61a06ca180bd398454ce86e9a244611c0d4d4a478fbedb749021c0fc8c4067006206ccc24318a00a098898909b173e7ce4c0c80adb959ad791c7db6b6b68ac9c909937cbf5217e30800959a9e9e161d1f749004180928b181cece4ef1e4c913e39cdf5802703475fe7c8fc0886d1ca6675a7b5b79afee972e5d2abef8e20b231ddfa9949111805b63f7eedd13dbb66d2309301a8865034dcd4de2e79f7f36daf98d8f00dcdaebeeee163c4094ad7b5484b76ad52a81c8d116313e02702b727c7c4c7cf4d147ec16301a98130d20dc3f7cf8b0181f1fb7c5f7cd1d048cd2e0e8e8bfc55f0ffd552c5bb62c565818d57af077fd228ce5cb978b43870e89870f1f46998d91bf5b150178353836f6bb3879f2a4e0e522fa396e5ab25dbf7ebdc04e524485368bd504e0287e6666465cbd7a45ecdab54bf0946173c900baddbd7bb7b8f6cd35019d530c5d079046b1a3a3a3e2d4a95302173ff2c051fdc90027f7bef9e69be26f7fff9b806e29b3116004106211d8f1f5c9279f54a61179e6803e64005d416720725376ed65455c240049641f3d7a242e5cb820f6eedd2b56af5ecdc1c392cd244027d00d74045d51e4102001c8e13427d5f0f070a585419f92eb0bf28f0e8039b0870ea00b4a32044800c9709bf3d6ddbb7705161beddfbf5f6cdebc592c5ebc985182a22801580253600b8c8135450d0224003538cec905db467ff8e10781834ab03169ebd6ada2b6b696a410410ac0085801b34f3ffd54dcbc79d3b82db819995ca26c490089604bfe120e92bc7efd7a25746d6f6faf9c5f807508360d32a2aea833ea0e0c800530c101af947c112001e48b77e0d7b085191b97e00868f9b06419a7cf3437378b575e79a5123de8302d8932d6d4d454ca8cb2a30ea80bea84baa18ea82ba51c089000caa107a952a05b313232226edcb8210606062afde113274e880f3ffcb0d292eed9b347e0e00a4c81353636569c70eddab595414a38250e4e457f7ac18205c27dab32fec633fc8634488b77f02ef2405ec81379e31bf816be896fa30c280bca84b29976628e9462344e4402d058792c3a11488b0009202d827c9f08688c00094063e5b1e844202d022480b408f27d22a0310224008d95c7a21381b4089000d222c8f78980c608900034561e8b4e04d2224002488ba082f7753a735ea7b22a508df15990008c57312b480482112001845847506be73c4ffbbbf369773ef8db9baff3cc2f5d50daa0bcf1dc2f3ff773efbbee32859555365fbf6fb9d5901403bff7e8fce10890004a44005ee7721cc5eb1cdee77e84a4ea991fc164f1fd28c292c5c00f3392002380c43610e4007e061be6b041e9ddeff84514711d302c5a887232efbb61e571a795251bf7f7c3a205afb2e26040028867ea8c0022f0f21a779431c6fd3d880082ba19499ccd2fa40f7ba682ace296338a9c1801c4736cd9d4240009a4829c51c689a21cdc2f9c961d0308729ab03ebbf33d997e765444121631848d15f895216efaa06e082300098376252101c4c3cb88d47e8e6d44c55889d80890006243a6ff0b2400fd75a8aa06ff07b3971e8f0065ec130000005174455874436f6d6d656e7400436f7079726967687420494e434f525320476d624820287777772e69636f6e657870657269656e63652e636f6d29202d20556e6c6963656e736564207072657669657720696d616765b69a69a60000003874455874436f7079726967687400436f7079726967687420494e434f525320476d624820287777772e69636f6e657870657269656e63652e636f6d294ece994e0000005a7a545874436f6d6d656e740000789c73ce2fa82cca4ccf2851f0f473f60f0a5670cf4df250d0282f2fd7cb4ccecf4bad28482dca4ccd4b4ed54bcecfd554d05508cdcbc94c4ecd2b4e4d5128284a2dcb4c2d57c8cc4d4c4f0500b88f1a249cbc98e3000000417a545874436f707972696768740000789c73ce2fa82cca4ccf2851f0f473f60f0a5670cf4df250d0282f2fd7cb4ccecf4bad28482dca4ccd4b4ed54bcecfd504007d3610681cdde68f0000000049454e44ae426082;

-- proveedores
INSERT INTO `user` (`id_user`, `name`, `surname`, `password`, `email`, `phone`, `premium`, `type`, `photo`, `id_address`, `creation_date`, `update_date`, `deleted_date`, `version`) VALUES
(1, 'Camilo', 'Reyes', @password, 'camilo@gmail.com', '1144444444', 1, 'proveedor',@imagen_proveedor , 1, '2018-12-01 08:13:54', NULL, NULL, 0);
INSERT INTO `user` (`id_user`, `name`, `surname`, `password`, `email`, `phone`, `premium`, `type`, `photo`, `id_address`, `creation_date`, `update_date`, `deleted_date`, `version`) VALUES
(2, 'Maria', 'Lopez', @password, 'maria@gmail.com', '1144445555', 1, 'proveedor',@imagen_proveedor , 2, '2018-12-01 09:13:54', NULL, NULL, 0);
INSERT INTO `user` (`id_user`, `name`, `surname`, `password`, `email`, `phone`, `premium`, `type`, `photo`, `id_address`, `creation_date`, `update_date`, `deleted_date`, `version`) VALUES
(3, 'Ricardo', 'Lezcano', @password, 'ricardo@gmail.com', '1144446666', 1, 'proveedor',@imagen_proveedor , 3, '2018-12-01 10:13:54', NULL, NULL, 0);
INSERT INTO `user` (`id_user`, `name`, `surname`, `password`, `email`, `phone`, `premium`, `type`, `photo`, `id_address`, `creation_date`, `update_date`, `deleted_date`, `version`) VALUES
(4, 'Emilia', 'Rodriguez', @password, 'emilia@gmail.com', '1144447777', 1, 'proveedor',@imagen_proveedor , 4, '2018-12-01 11:13:54', NULL, NULL, 0);
INSERT INTO `user` (`id_user`, `name`, `surname`, `password`, `email`, `phone`, `premium`, `type`, `photo`, `id_address`, `creation_date`, `update_date`, `deleted_date`, `version`) VALUES
(5, 'Gustavo', 'Gimenez', @password, 'gustavo@gmail.com', '1144446666', 1, 'proveedor',@imagen_proveedor , 5, '2018-12-01 10:13:54', NULL, NULL, 0);
INSERT INTO `user` (`id_user`, `name`, `surname`, `password`, `email`, `phone`, `premium`, `type`, `photo`, `id_address`, `creation_date`, `update_date`, `deleted_date`, `version`) VALUES
(6, 'Jose', 'Coronel', @password, 'jose@gmail.com', '1144447777', 1, 'proveedor',@imagen_proveedor , 6, '2018-12-01 11:13:54', NULL, NULL, 0);

-- consumidores
INSERT INTO `user` (`id_user`, `name`, `surname`, `password`, `email`, `phone`, `premium`, `type`, `photo`, `id_address`, `creation_date`, `update_date`, `deleted_date`, `version`) VALUES
(7, 'Jonathan', 'Villarroel', @password, 'jvillarroel.dev@gmail.com', '1144448888', 0, 'comprador',@imagen_consumidor , 1, '2018-12-01 08:13:54', NULL, NULL, 0);

-- WORK
CREATE TABLE `work` (
  `id_work` bigint(20) NOT NULL,
  `name` varchar(35) NOT NULL,
  `description` varchar(200) NOT NULL,
  `price` double NOT NULL,
  `id_category` bigint(20) NOT NULL,
  `id_user` bigint(20) NOT NULL,
  `id_address` bigint(20) DEFAULT NULL
) ENGINE=InnoDB DEFAULT CHARSET=latin1;

INSERT INTO `work` (`id_work`, `name`, `description`, `price`, `id_category`, `id_user`, `id_address`) VALUES
(1, 'Pintor', 'Soy pintor profesional. Realizo trabajos tanto en hogares como edificios.', 800, 1, 1, 1),
(2, 'Clases de Inglés', 'Doy clases de inglés particular en mi casa o a domicilio. Consultar precios.', 120, 6, 2, 2),
(3, 'Masajista', 'Masajista profesional. Especialidad: Espalda, pies, cuello.', 350, 3, 3, 3),
(4, 'Cosmetóloga', 'Realizo tratamientos externos, limpieza de poros e impurezas, hidratación mediante mascarillas y envolturas.', 480, 4, 4, 4),
(5, 'DJ', 'Eventos de todo tipo. Música electrónica, reggaeton, cumbia, clásicos del recuerdo, etc. Animación garantizada', 1200, 5, 5, NULL),
(6, 'Contador', 'Me especializo en la: contabilidad, matemáticas y matemáticas financieras, informática, administración, derecho, economía, recursos humanos, finanzas, auditorias, estadísticas, entre otras.', 1230, 6, 6, 6);

-- TRANSACTION
CREATE TABLE `transaction` (
  `id_transaction` bigint(20) NOT NULL,
  `creation_date` datetime NOT NULL DEFAULT CURRENT_TIMESTAMP,
  `to_user` bigint(20) NOT NULL,
  `from_user` bigint(20) NOT NULL,
  `agreed_date` datetime NOT NULL,
  `state` bigint(1) NOT NULL,
  `work` bigint(20) DEFAULT NULL,
  `text_problem` varchar(600) NOT NULL,
  `address` varchar(100) NOT NULL,
  `rejection` varchar(600)
) ENGINE=InnoDB DEFAULT CHARSET=latin1;

INSERT INTO `transaction` (`id_transaction`, `creation_date`, `to_user`, `from_user`, `agreed_date`, `state`, `work`,
                           `text_problem`, `address`, `rejection`) VALUES
(1, '2018-12-03 13:48:43', 1, 7, '2018-12-17 08:00:00', 1, 1, 'Pintar un cuarto 3x4 mts incluyendo techo. Todo de blanco.', 'Rivadavia 17400', NULL),
(2, '2018-12-04 11:48:43', 2, 7, '2018-12-20 14:00:00', 2, 2, 'Tengo que dar un final de Ingles 2 en la UNLaM.', 'En su domicilio', NULL),
(3, '2018-12-04 10:48:43', 3, 7, '2018-12-17 08:00:00', 3, 3, 'Dolores lumbares por stress.', 'En su domicilio', 'Ese dia lo tengo reservado. Puede ser la siguiente semana? Espero tu nueva reserva! Slds.'),
(4, '2018-12-04 14:48:43', 1, 7, '2018-12-05 08:00:00', 6, 1, 'Pintar las rejas del frente de mi casa.', 'Lavalle 343', NULL);

-- RATING
CREATE TABLE `rating` (
  `id_rating` bigint(20) NOT NULL,
  `reliability` int(11) NOT NULL,
  `performance` int(11) NOT NULL,
  `consideration` int(11) NOT NULL,
  `recommendation` int(11) NOT NULL,
  `id_provider` bigint(11) NOT NULL,
  `review_text` varchar(500) DEFAULT NULL,
  `general_average` int(45) NOT NULL,
  `id_user` bigint(11) NOT NULL,
  `id_transaction` bigint(20) NOT NULL,
  `review_date` datetime DEFAULT NULL
) ENGINE=InnoDB DEFAULT CHARSET=latin1;

INSERT INTO `rating` (`id_rating`, `reliability`, `performance`, `consideration`, `recommendation`, `id_provider`,
                      `review_text`, `general_average`, `id_user`, `id_transaction`, `review_date`) VALUES
(1, 4, 4, 4, 3, 5, 'Recomendable. Muy linda fiesta. Pasa buena música.', 4, 7, 4, '2018-12-03 10:48:43'),
(2, 2, 3, 1, 2, 5, 'No paso la música que planeamos. Aun así animo el casamiento y nadie se aburrio.', 3, 7, 4, '2018-12-01 10:48:43'),
(3, 5, 5, 5, 5, 1, 'Excelente trabajo! Mis rejas quedaron hermosas.', 5, 7, 4, '2018-12-02 10:48:43'),
(4, 3, 4, 2, 3, 1, 'Se demoró mas de lo pactado. No aplicó suficiente pintura.', 3, 7, 4, '2018-12-01 10:48:43');

-- USERROLE

CREATE TABLE `user_role` (
  `id_user_role` bigint(20) NOT NULL,
  `id_user` bigint(20) NOT NULL,
  `role` varchar(30) NOT NULL
) ENGINE=InnoDB DEFAULT CHARSET=latin1;


--
-- Indices de la tabla `address`
--
ALTER TABLE `address`
  ADD PRIMARY KEY (`id_address`),
  ADD UNIQUE KEY `id_address` (`id_address`);

--
-- Indices de la tabla `category`
--
ALTER TABLE `category`
  ADD PRIMARY KEY (`id_category`),
  ADD UNIQUE KEY `id_category` (`id_category`),
  ADD KEY `id_category_2` (`id_category`);

--
-- Indices de la tabla `district`
--
ALTER TABLE `district`
  ADD PRIMARY KEY (`id_district`),
  ADD UNIQUE KEY `id_district` (`id_district`);

--
-- Indices de la tabla `rating`
--
ALTER TABLE `rating`
  ADD PRIMARY KEY (`id_rating`),
  ADD UNIQUE KEY `id_rating` (`id_rating`);

--
-- Indices de la tabla `transaction`
--
ALTER TABLE `transaction`
  ADD PRIMARY KEY (`id_transaction`);

--
-- Indices de la tabla `user`
--
ALTER TABLE `user`
  ADD PRIMARY KEY (`id_user`),
  ADD UNIQUE KEY `id_user` (`id_user`),
  ADD UNIQUE KEY `email` (`email`),
  ADD KEY `id_user_2` (`id_user`);

--
-- Indices de la tabla `user_role`
--
ALTER TABLE `user_role`
  ADD PRIMARY KEY (`id_user_role`),
  ADD UNIQUE KEY `id_user_role` (`id_user_role`);

--
-- Indices de la tabla `work`
--
ALTER TABLE `work`
  ADD PRIMARY KEY (`id_work`),
  ADD UNIQUE KEY `id_service` (`id_work`),
  ADD KEY `id_service_2` (`id_work`),
  ADD KEY `id_work` (`id_work`);

--
-- AUTO_INCREMENT de las tablas volcadas
--

--
-- AUTO_INCREMENT de la tabla `address`
--
ALTER TABLE `address`
  MODIFY `id_address` bigint(20) NOT NULL AUTO_INCREMENT, AUTO_INCREMENT=7;
--
-- AUTO_INCREMENT de la tabla `category`
--
ALTER TABLE `category`
  MODIFY `id_category` bigint(20) NOT NULL AUTO_INCREMENT, AUTO_INCREMENT=10;
--
-- AUTO_INCREMENT de la tabla `district`
--
ALTER TABLE `district`
  MODIFY `id_district` bigint(20) NOT NULL AUTO_INCREMENT, AUTO_INCREMENT=16;
--
-- AUTO_INCREMENT de la tabla `rating`
--
ALTER TABLE `rating`
  MODIFY `id_rating` bigint(20) NOT NULL AUTO_INCREMENT, AUTO_INCREMENT=5;
--
-- AUTO_INCREMENT de la tabla `transaction`
--
ALTER TABLE `transaction`
  MODIFY `id_transaction` bigint(20) NOT NULL AUTO_INCREMENT, AUTO_INCREMENT=5;
--
-- AUTO_INCREMENT de la tabla `user`
--
ALTER TABLE `user`
  MODIFY `id_user` bigint(20) NOT NULL AUTO_INCREMENT, AUTO_INCREMENT=8;
--
-- AUTO_INCREMENT de la tabla `user_role`
--
ALTER TABLE `user_role`
  MODIFY `id_user_role` bigint(20) NOT NULL AUTO_INCREMENT;
--
-- AUTO_INCREMENT de la tabla `work`
--
ALTER TABLE `work`
  MODIFY `id_work` bigint(20) NOT NULL AUTO_INCREMENT, AUTO_INCREMENT=7;
